s. no,name,age,gender,email,phone,others,dt
1,mani,25,male,mmmmmmmmmm@gmail.com,999999888,everything is fine,28-07-2025 03:53
0,mani,25,male,mani@gmail.com,,its working,28-07-2025 05:02
0,mani,25,male,mani@gmail.com,,its working,28-07-2025 05:06
0,mani,25,male,mani@gmail.com,,its working,28-07-2025 05:07
0,mani,25,male,mani@gmail.com,,its working,28-07-2025 05:07
0,mani,25,male,mani@gmail.com,,its working,28-07-2025 05:11
0,mani,25,male,mani@gmail.com,,its working,28-07-2025 05:11
0,mani,25,male,mani@gmail.com,,its working,28-07-2025 05:12
0,mani,25,male,mani@gmail.com,,its working,28-07-2025 05:12
0,mani,25,male,mani@gmail.com,,its working,28-07-2025 05:12
0,,,,,,,28-07-2025 05:12
0,,,,,,,28-07-2025 05:13
0,,,,,,,28-07-2025 05:13
0,mani,25,male,mmmmmmmmmmmmm@gmail.com,8919800000,nwgvw weee,28-07-2025 05:17
0,mani,25,male,mmmmmmmmmmmmm@gmail.com,8919800000,nwgvw weee,28-07-2025 05:28
0,rohan,22,male,rohan@mail.com,8528528521,hey dude!,28-07-2025 05:29
